{
   "hosts": [
        {
            "hostName": "meet.econsult.lu",
            "serv": [
                "meet-backend.econsult.lu"
            ]
        },
        {
            "hostName": "meet.preprod.curamedon.com",
            "serv": [
                "meet-backend.preprod.curamedon.com"
            ]
        },
        {
            "hostName": "video.curamedon.com",
            "serv": [
                "video-backend.curamedon.com"
            ]
        },
        {
            "hostName": "ehealth",
            "serv": [
                "front-video.econsult.lu"
            ]
        },
        {
            "hostName": "econsult",
            "serv": [
                "front-video.econsult.lu"
            ]
        },
        {
            "hostName": "meetv2",
            "serv": [
                "webrtc-test.edgelive.ru"
            ]
        },
        {
            "hostName": "test.gvideo.co",
            "serv": [
                "webrtc-test.edgelive.ru"
            ]
        },
        {
            "hostName": "internal-testing.gvideo.co",
            "serv": [
                "webrtc-test.edgelive.ru"
            ]
        },
        {
            "hostName": "internal-preprod.gvideo.co",
            "serv": [
                "webrtc-preprod.gvideo.co"
            ]
        },
        {
            "hostName": "meet-preprod",
            "serv": [
                "webrtc-preprod.edgelive.ru"
            ]
        },
        {
            "hostName": "tinkoff.gvideo.co",
            "serv": [
                "webrtc-preprod.edgelive.ru"
            ]
        },
        {
            "hostName": "cameo",
            "serv": [
                "webrtc3.gvideo.co",
                "webrtc4.gvideo.co"
            ]
        },
        {
            "hostName": "hof360",
            "serv": [
                "webrtc3.gvideo.co",
                "webrtc4.gvideo.co"
            ]
        },
        {
            "hostName": "bnionline",
            "serv": [
                "webrtc4.gvideo.co"
            ]
        },
        {
            "hostName": "caremonitor",
            "serv": [
                "webrtc4.gvideo.co"
            ]
        },        {
            "hostName": "rello",
            "serv": [
                "webrtc4.gvideo.co"
            ]
        },
        {
            "hostName": "edgecenter.ru",
            "serv": [
                "webrtc1.edgelive.ru",
                "webrtc2.edgelive.ru"
            ]
        },
        {
            "hostName": "edgelive.ru",
            "serv": [
                "webrtc1.edgelive.ru",
                "webrtc2.edgelive.ru"
            ]
        },
        {
            "hostName": "gcore.com",
            "serv": [
                "webrtc3.gvideo.co",
                "webrtc4.gvideo.co",
                "webrtc5.gvideo.co",
                "webrtc6.gvideo.co",
            ]
        },
        {
            "hostName": "gcorelabs.com",
            "serv": [
                "webrtc3.gvideo.co",
                "webrtc4.gvideo.co",
                "webrtc5.gvideo.co",
                "webrtc6.gvideo.co",
            ]
        }
    ]
}
